PRAGMA foreign_keys=OFF;
BEGIN TRANSACTION;
DROP TABLE IF EXISTS doctrine_migration_versions;
DROP TABLE IF EXISTS book;
DROP TABLE IF EXISTS messenger_messages;
DROP TABLE IF EXISTS escape_room;
DROP TABLE IF EXISTS escape_action;
DROP TABLE IF EXISTS escape_object;
DROP TABLE IF EXISTS escape_movement;
CREATE TABLE doctrine_migration_versions (version VARCHAR(191) NOT NULL, executed_at DATETIME DEFAULT NULL, execution_time INTEGER DEFAULT NULL, PRIMARY KEY(version));
INSERT INTO doctrine_migration_versions VALUES('DoctrineMigrations\Version20230503130328','2023-05-03 13:05:47',8);
INSERT INTO doctrine_migration_versions VALUES('DoctrineMigrations\Version20230521110639','2023-05-21 11:07:51',5);
INSERT INTO doctrine_migration_versions VALUES('DoctrineMigrations\Version20230521123419','2023-05-21 12:35:56',11);
INSERT INTO doctrine_migration_versions VALUES('DoctrineMigrations\Version20230521123738','2023-05-21 12:37:56',5);
INSERT INTO doctrine_migration_versions VALUES('DoctrineMigrations\Version20230521124739','2023-05-21 12:47:52',5);
INSERT INTO doctrine_migration_versions VALUES('DoctrineMigrations\Version20230522080050','2023-05-22 08:00:56',8);
INSERT INTO doctrine_migration_versions VALUES('DoctrineMigrations\Version20230522095755','2023-05-22 09:58:01',9);
INSERT INTO doctrine_migration_versions VALUES('DoctrineMigrations\Version20230522131748','2023-05-22 13:17:53',14);
INSERT INTO doctrine_migration_versions VALUES('DoctrineMigrations\Version20230522155210','2023-05-22 15:53:19',12);
INSERT INTO doctrine_migration_versions VALUES('DoctrineMigrations\Version20230522155313','2023-05-22 15:53:19',2);
INSERT INTO doctrine_migration_versions VALUES('DoctrineMigrations\Version20230522155422','2023-05-22 15:54:46',10);
INSERT INTO doctrine_migration_versions VALUES('DoctrineMigrations\Version20230522155442','2023-05-22 15:54:46',2);
INSERT INTO doctrine_migration_versions VALUES('DoctrineMigrations\Version20230522155514','2023-05-22 15:55:18',7);
INSERT INTO doctrine_migration_versions VALUES('DoctrineMigrations\Version20230523132321','2023-05-23 13:23:26',8);
INSERT INTO doctrine_migration_versions VALUES('DoctrineMigrations\Version20230523132802','2023-05-23 13:28:16',5);
INSERT INTO doctrine_migration_versions VALUES('DoctrineMigrations\Version20230524132228','2023-05-24 13:22:32',8);
INSERT INTO doctrine_migration_versions VALUES('DoctrineMigrations\Version20230526072420','2023-05-26 07:24:28',9);
INSERT INTO doctrine_migration_versions VALUES('DoctrineMigrations\Version20230526075134','2023-05-26 07:52:09',7);
INSERT INTO doctrine_migration_versions VALUES('DoctrineMigrations\Version20230526132558','2023-05-26 13:26:22',11);
INSERT INTO doctrine_migration_versions VALUES('DoctrineMigrations\Version20230526140100','2023-05-26 14:01:45',11);
INSERT INTO doctrine_migration_versions VALUES('DoctrineMigrations\Version20230526140607','2023-05-26 14:22:38',11);
INSERT INTO doctrine_migration_versions VALUES('DoctrineMigrations\Version20230526142748','2023-05-26 14:28:01',9);
INSERT INTO doctrine_migration_versions VALUES('DoctrineMigrations\Version20230526143025','2023-05-26 14:30:29',8);
INSERT INTO doctrine_migration_versions VALUES('DoctrineMigrations\Version20230526143322','2023-05-26 14:33:26',5);
INSERT INTO doctrine_migration_versions VALUES('DoctrineMigrations\Version20230526143834','2023-05-28 08:38:02',5);
INSERT INTO doctrine_migration_versions VALUES('DoctrineMigrations\Version20230528080609','2023-05-28 08:38:02',8);
INSERT INTO doctrine_migration_versions VALUES('DoctrineMigrations\Version20230528084550','2023-05-28 08:52:15',5);
CREATE TABLE book (id INTEGER PRIMARY KEY AUTOINCREMENT NOT NULL, title VARCHAR(45) NOT NULL, isbn VARCHAR(20) DEFAULT NULL, author VARCHAR(55) NOT NULL, img VARCHAR(100) DEFAULT NULL);
INSERT INTO book VALUES(7,'The Starlight Symphony','978-1-234567-89-0','Ava Smith','starlight-symphony.jpg');
INSERT INTO book VALUES(8,'The Lost City of Zorath','978-0-987654-32-1','Marcus Lee','lost-city.jpg');
INSERT INTO book VALUES(9,'The Timekeeper''s Daughter','978-4-321098-76-5','Olivia Chen','timekeeper.jpg');
INSERT INTO book VALUES(15,'The Shadow Hunter','978-2-345678-90-1','David Peterson','shadow-hunter.jpg');
CREATE TABLE messenger_messages (id INTEGER PRIMARY KEY AUTOINCREMENT NOT NULL, body CLOB NOT NULL, headers CLOB NOT NULL, queue_name VARCHAR(190) NOT NULL, created_at DATETIME NOT NULL, available_at DATETIME NOT NULL, delivered_at DATETIME DEFAULT NULL);
CREATE TABLE escape_room (id INTEGER PRIMARY KEY AUTOINCREMENT NOT NULL, info CLOB DEFAULT NULL, img VARCHAR(100) DEFAULT NULL, first_room BOOLEAN DEFAULT NULL);
INSERT INTO escape_room VALUES(1,'Du står i ett rum utan fönster med en dörr. På din vänstra och högra sida finns två utgångar.','first-room.png',1);
INSERT INTO escape_room VALUES(2,'Du har gått in i ett nytt rum. I rummet finns det bland annat ett skrivbord och en anslagstavla, det verkar vara ett arbetsrum av något slag.','west-room.png',0);
INSERT INTO escape_room VALUES(3,'Du är inne i ett nytt rum. I rummet finns ett fönster, två tavlor och två bokhyllor fyllda med böcker.','east-room.png',0);
CREATE TABLE escape_action (id INTEGER PRIMARY KEY AUTOINCREMENT NOT NULL, name VARCHAR(25) DEFAULT NULL);
INSERT INTO escape_action VALUES(1,'lookCloser');
INSERT INTO escape_action VALUES(2,'pickUp');
INSERT INTO escape_action VALUES(3,'moveDown');
INSERT INTO escape_action VALUES(4,'takeKey');
CREATE TABLE escape_object (id INTEGER PRIMARY KEY AUTOINCREMENT NOT NULL, in_room INTEGER DEFAULT NULL, action_id INTEGER DEFAULT NULL, name VARCHAR(25) DEFAULT NULL, info CLOB DEFAULT NULL, position_x INTEGER DEFAULT NULL, position_y INTEGER DEFAULT NULL, img VARCHAR(55) DEFAULT NULL, size_x INTEGER DEFAULT NULL, size_y INTEGER DEFAULT NULL, in_object INTEGER DEFAULT NULL, info_inner CLOB DEFAULT NULL, hidden BOOLEAN DEFAULT NULL, FOREIGN KEY (in_room) REFERENCES escape_room (id) ON UPDATE NO ACTION ON DELETE NO ACTION NOT DEFERRABLE INITIALLY IMMEDIATE, FOREIGN KEY (action_id) REFERENCES escape_action (id) ON UPDATE NO ACTION ON DELETE NO ACTION NOT DEFERRABLE INITIALLY IMMEDIATE);
INSERT INTO escape_object VALUES(1,1,1,'lampa','En lampa hänger i taket',50,10,'taklampa.png',12,12,-1,'I lampskärmen är ser du några vädersymboler. Vad kan de betyda?',0);
INSERT INTO escape_object VALUES(2,1,1,'dörr','Du ser en dörr som kan vara vägen ut.',50,51,'dorr.png',14,45,-1,'',0);
INSERT INTO escape_object VALUES(3,1,1,'matta','Du ser en matta på golvet',52,87,'matta.png',68,18,-1,'Du tittar under mattan',0);
INSERT INTO escape_object VALUES(4,1,2,'papperslapp','En papperslapp med en siffra och en symbol',40,65,'papper-matta.png',15,30,3,'',0);
INSERT INTO escape_object VALUES(5,1,1,'tavla','Du ser en tavla som hänger på väggen',73,34,'tavla-gata.png',16,41,-1,'På tavlan ser du en stad i asiatisk stil. Undrar om det betyder nåt?',0);
INSERT INTO escape_object VALUES(6,3,1,'tavla','Du ser en tavla på den högra väggen',93,40,'tavla-abstrakt.png',8,48,-1,'Du tittar lite närmre på tavlan, undrar var den ska föreställa?',0);
INSERT INTO escape_object VALUES(7,3,1,'tavla','Du ser en tavla på den vänstra väggen',7,40,'tavla-monalisa.png',9,48,-1,'Tavlan är en kopia på Mona-Lisa, men det är något som skiljer sig från orginalet...',0);
INSERT INTO escape_object VALUES(8,3,NULL,'bokhylla','En bokhylla med böcker. Böckerna är sorterade i bokstavsordning på varje hylla, översta hyllan har bara böcker som börjar på A. Nedersta hyllan har bara böcker på F.',24,42,'bokhylla.png',18,75,-1,'',0);
INSERT INTO escape_object VALUES(9,3,NULL,'bokhylla','En bokhylla med böcker. Böckerna är sorterade i bokstavsordning på varje hylla, översta hyllan har bara böcker som börjar på G. Nedersta hyllan har bara böcker på L.',76,42,'bokhylla.png',18,75,-1,'',0);
INSERT INTO escape_object VALUES(10,3,1,'bok','Du ser något som sticker upp ur en av böckerna.',78,62,'bok.png',4,10,-1,'Du öppnar boken och tittar på en av sidorna.',0);
INSERT INTO escape_object VALUES(11,3,2,'papperslapp','En papperslapp med en siffra och en symbol',64,30,'papper-bok.png',15,30,10,'',0);
INSERT INTO escape_object VALUES(12,3,1,'fönster','Du ser ett fönster bakom två gardiner.',50,29,'fonster.png',11,34,-1,'Kanske man kan ta sig ut genom fönstret?',0);
INSERT INTO escape_object VALUES(13,3,2,'papperslapp','En papperslapp med en siffra och en symbol',32,79,'papper-fonster.png',10,19,12,'',0);
INSERT INTO escape_object VALUES(14,3,NULL,'handtag','Fönstret är låst.',49,50,'handtag.png',2,8,12,'',0);
INSERT INTO escape_object VALUES(15,2,1,'papperskorg','Du ser en papperskorg i ena hörnet.',83,74,'papperskorg.png',8,15,-1,'Papperskorgen är tom.',0);
INSERT INTO escape_object VALUES(16,2,1,'fönster','Du ser ett fönster på vänstra väggen.',6,38,'fonster.png',9,53,-1,'Kanske man kan komma ut genom fönstret?',0);
INSERT INTO escape_object VALUES(17,2,NULL,'handtag','Fönstret är låst.',49,50,'handtag.png',2,8,16,'',0);
INSERT INTO escape_object VALUES(18,2,1,'anslagstavla','Du ser en anslagstavla väggen.',68,24,'anslagstavla.png',29,34,-1,'På anslagstavlan ser du polaroidbilder.',0);
INSERT INTO escape_object VALUES(19,2,2,'papperslapp','En papperslapp med en siffra och en symbol.',31,42,'papper-anslag.png',15,28,18,'',0);
INSERT INTO escape_object VALUES(20,2,3,'polaroidbilder','Bilderna sitter fast med nålar.',31,39,'polaroider.png',16,34,18,'',0);
INSERT INTO escape_object VALUES(21,2,1,'byrålåda','En olåst byrålåda',20,65,'byralada.png',11,4,-1,'',0);
INSERT INTO escape_object VALUES(22,2,2,'papperslapp','En papperslapp med en siffra och en symbol.',61,42,'papper-lada.png',15,28,21,'',0);
INSERT INTO escape_object VALUES(23,2,1,'låda','På skrivbordet står en låda.',42,54,'lada-stangd.png',7,11,-1,'Lådan är stängd med ett lås på.',0);
INSERT INTO escape_object VALUES(24,2,NULL,'lås','Ett kodlås sitter på lådan.',40,52,'hanglas-last.png',8,21,23,'',0);
INSERT INTO escape_object VALUES(25,2,1,'låda','På skrivbordet står en låda.',42,54,'lada-oppen.png',7,11,-1,'Du har öppnat lådan.',1);
INSERT INTO escape_object VALUES(26,2,4,'nyckel','En nyckel, ser ut att gå till en dörr.',47,50,'nyckel.png',19,26,25,'',1);
INSERT INTO escape_object VALUES(27,1,NULL,'dorrhandtag','Dörren är låst.',52,51,'dorrhandtag.png',10,35,2,'',0);
CREATE TABLE escape_movement (id INTEGER PRIMARY KEY AUTOINCREMENT NOT NULL, room_id INTEGER NOT NULL, to_room INTEGER NOT NULL, position_x INTEGER DEFAULT NULL, position_y INTEGER DEFAULT NULL, direction VARCHAR(10) DEFAULT NULL, FOREIGN KEY (room_id) REFERENCES escape_room(id));
INSERT INTO escape_movement VALUES(9,1,2,10,50,'left');
INSERT INTO escape_movement VALUES(10,1,3,90,50,'right');
INSERT INTO escape_movement VALUES(11,2,1,50,90,'down');
INSERT INTO escape_movement VALUES(12,3,1,50,90,'down');
DELETE FROM sqlite_sequence;
INSERT INTO sqlite_sequence VALUES('book',16);
INSERT INTO sqlite_sequence VALUES('escape_room',4);
INSERT INTO sqlite_sequence VALUES('escape_action',4);
INSERT INTO sqlite_sequence VALUES('escape_object',27);
INSERT INTO sqlite_sequence VALUES('escape_movement',12);
CREATE INDEX IDX_75EA56E0FB7336F0 ON messenger_messages (queue_name);
CREATE INDEX IDX_75EA56E0E3BD61CE ON messenger_messages (available_at);
CREATE INDEX IDX_75EA56E016BA31DB ON messenger_messages (delivered_at);
CREATE INDEX IDX_1C351DA758246EFF ON escape_object (in_room);
CREATE INDEX IDX_1C351DA79D32F035 ON escape_object (action_id);
COMMIT;
